{
  "train_accuracy": 1.0,
  "test_accuracy": 0.8,
  "cv_mean": 0.9333333333333332,
  "cv_std": 0.09428090415820632,
  "classification_report": "                       precision    recall  f1-score   support\n\n      Comprovante PIX       0.00      0.00      0.00         1\nComprovante Pagamento       0.50      1.00      0.67         1\n         Consulta Pix       1.00      1.00      1.00         1\n        PIX Will Bank       1.00      1.00      1.00         1\n        Transferência       1.00      1.00      1.00         1\n\n             accuracy                           0.80         5\n            macro avg       0.70      0.80      0.73         5\n         weighted avg       0.70      0.80      0.73         5\n",
  "confusion_matrix": [
    [
      0,
      1,
      0,
      0,
      0
    ],
    [
      0,
      1,
      0,
      0,
      0
    ],
    [
      0,
      0,
      1,
      0,
      0
    ],
    [
      0,
      0,
      0,
      1,
      0
    ],
    [
      0,
      0,
      0,
      0,
      1
    ]
  ],
  "feature_names": [
    "00",
    "00 12",
    "01",
    "01 51",
    "03",
    "03 2025",
    "05",
    "05 2025",
    "08",
    "08 00",
    "12",
    "120",
    "16",
    "16 03",
    "17",
    "17 29",
    "17 51",
    "20",
    "20 01",
    "20 05",
    "2025",
    "2025 hora",
    "22",
    "22 03",
    "29",
    "29 35",
    "30",
    "30 05",
    "33",
    "35",
    "51",
    "51 22",
    "80",
    "81",
    "81 86",
    "86",
    "86 transacao",
    "898",
    "bank",
    "bank id",
    "bank valor",
    "ccr",
    "ccr de",
    "comprovante",
    "comprovante pagamento",
    "comprovante pix",
    "consulta",
    "consulta pix",
    "da",
    "da frota"
  ],
  "trained_at": "2025-06-06T22:52:27.925723",
  "n_samples": 15,
  "n_features": 109,
  "training_method": "Train-test split (test_size=0.30) with 3-fold CV",
  "class_distribution": {
    "Comprovante PIX": 3,
    "Comprovante Pagamento": 3,
    "Consulta Pix": 3,
    "PIX Will Bank": 3,
    "Transferência": 3
  }
}